{"cameraMode":{"drawMode":0,"name":"Shaded","section":"Shading Mode"},"sceneLighting":true,"audioPlay":false,"sceneViewState":{"showFog":true,"showMaterialUpdate":false,"showSkybox":true,"showFlares":true,"showImageEffects":true,"showParticleSystems":true},"in2DMode":false,"pivot":{"x":412.0419616699219,"y":221.70166015625,"z":-13.14111328125},"rotation":{"x":0.03268415480852127,"y":0.003595999674871564,"z":0.00011767935211537406,"w":-0.9994592666625977},"size":564.212646484375,"orthographic":false}